index,close_to_close,parkinson,garman_klass,rogers_satchell,gk_plus_overnight,overnight_share_%
NIFTY_50,16.1,13.0,12.9,13.1,16.2,37.0
NIFTY_AUTO,21.1,17.6,17.3,17.2,20.4,28.0
NIFTY_BANK,22.3,18.5,18.3,18.3,22.2,32.0
NIFTY_ENERGY,20.5,17.6,17.3,17.1,20.2,27.0
NIFTY_FINANCIAL_SERVICES,21.2,17.1,16.8,16.6,20.4,32.0
NIFTY_FMCG,16.4,14.9,14.8,14.8,16.9,23.0
NIFTY_IT,21.2,17.1,17.0,17.0,20.5,31.0
NIFTY_METAL,27.4,22.9,22.5,22.4,25.9,25.0
NIFTY_MIDCAP_100,18.5,15.4,14.9,14.8,17.9,31.0
NIFTY_PHARMA,18.4,17.4,17.3,17.3,19.4,20.0
NIFTY_PSU_BANK,32.2,27.9,27.2,26.8,30.7,22.0
NIFTY_REALTY,31.1,26.9,26.4,26.1,29.5,20.0
