index,date,ratio_to_median,open,high,low,close,intraday_range_%,close_move_%,event
NIFTY_IT,2012-04-13,35.1,5975.65,6015.1,5760.1,5782.85,4.33,-9.26,
NIFTY_IT,2012-07-12,30.5,5720.3,5765.05,5678.1,5737.65,1.52,-5.29,
NIFTY_50,2012-10-05,353.6,5815.0,5815.35,4888.2,5746.95,17.37,-0.7,
NIFTY_AUTO,2012-10-05,58.0,4408.3,4465.75,4076.5,4406.95,9.12,0.54,
NIFTY_BANK,2012-10-05,144.6,11745.2,11745.2,10043.6,11511.4,15.65,-1.08,
NIFTY_ENERGY,2012-10-05,24.8,8217.5,8237.85,7788.95,8208.65,5.6,0.4,
NIFTY_FINANCIAL_SERVICES,2012-10-05,119.2,4842.75,4842.75,4263.8,4732.35,12.73,-1.91,
NIFTY_IT,2012-10-05,104.4,6403.4,6411.95,5660.85,6292.45,12.46,-1.69,
NIFTY_METAL,2012-10-05,73.3,2807.5,2817.6,2466.6,2790.75,13.3,0.0,
NIFTY_PHARMA,2012-10-05,44.7,5636.8,5637.95,5274.5,5532.1,6.66,-1.53,
NIFTY_PSU_BANK,2012-10-05,36.2,3458.5,3478.75,3178.15,3419.2,9.04,-0.89,
NIFTY_IT,2012-10-12,26.1,6027.55,6175.0,5981.2,6106.15,3.19,-2.63,
NIFTY_IT,2013-01-11,49.9,6370.4,6654.65,6370.4,6639.85,4.37,8.92,
NIFTY_IT,2013-04-12,98.7,6726.4,6726.4,6321.65,6354.9,6.21,-12.49,
NIFTY_IT,2013-06-03,20.4,6627.95,6758.8,6511.05,6551.65,3.73,1.22,
NIFTY_IT,2013-07-12,38.8,7173.45,7361.0,7157.25,7249.4,2.81,6.41,
NIFTY_BANK,2013-08-21,21.8,9652.0,9766.1,9129.25,9264.4,6.74,0.49,
NIFTY_IT,2014-03-13,20.7,9539.3,9637.85,9433.15,9462.7,2.15,-4.29,
NIFTY_50,2014-05-16,50.8,7270.2,7563.5,7130.65,7203.0,5.89,1.11,
NIFTY_AUTO,2014-05-16,24.8,6305.05,6579.65,6229.0,6246.2,5.48,0.86,
NIFTY_BANK,2014-05-16,38.2,14675.6,15742.05,14468.1,14853.0,8.44,4.24,
NIFTY_ENERGY,2014-05-16,42.9,9589.95,9999.25,9402.4,9545.85,6.15,2.53,
NIFTY_FINANCIAL_SERVICES,2014-05-16,36.1,5904.55,6282.15,5812.7,5924.35,7.77,3.08,
NIFTY_FMCG,2014-05-16,28.8,18629.5,19215.1,17976.3,18140.55,6.66,-2.02,
NIFTY_IT,2014-05-16,21.1,9372.75,9493.0,8946.55,9111.4,5.93,-2.2,
NIFTY_MIDCAP_100,2014-05-26,32.1,10554.4,10673.75,10038.6,10250.8,6.13,-2.01,
NIFTY_FMCG,2015-02-28,36.1,22102.0,22716.7,20702.6,21102.35,9.28,-4.46,
NIFTY_REALTY,2015-06-03,25.8,196.5,196.5,173.1,183.75,12.68,-6.17,
NIFTY_50,2015-08-24,26.0,8055.95,8060.05,7769.4,7809.0,3.67,-6.1,
NIFTY_AUTO,2015-08-24,24.1,8080.9,8083.2,7710.15,7773.45,4.73,-7.53,
NIFTY_ENERGY,2015-08-24,22.4,7783.15,7783.15,7279.5,7333.85,6.69,-8.68,
NIFTY_MIDCAP_100,2015-08-24,33.4,13315.35,13315.35,12492.55,12543.15,6.38,-9.18,
NIFTY_PHARMA,2015-08-24,22.8,13068.4,13311.9,12605.45,12653.3,5.45,-6.25,
NIFTY_PSU_BANK,2015-08-24,20.4,3314.0,3359.3,3137.65,3166.7,6.83,-9.82,
NIFTY_MIDCAP_100,2015-08-25,32.0,12715.35,12842.7,12154.85,12790.9,5.5,1.96,
NIFTY_PHARMA,2015-08-25,28.4,12889.35,12978.8,12149.9,12772.4,6.6,0.94,
NIFTY_FMCG,2016-02-29,26.9,18295.4,18580.3,17406.9,18331.6,6.52,0.14,
NIFTY_50,2016-06-24,22.7,8029.1,8100.7,7927.05,8088.6,2.17,-2.22,
NIFTY_AUTO,2016-06-24,39.3,8461.45,8651.55,8306.3,8631.65,4.07,-2.73,
NIFTY_BANK,2016-06-24,20.3,17213.85,17459.2,16946.35,17426.05,2.98,-2.64,
NIFTY_MIDCAP_100,2016-06-24,20.5,13162.25,13297.6,12921.05,13289.35,2.87,-1.25,
NIFTY_50,2016-11-09,136.9,8067.5,8476.2,8002.25,8432.0,5.75,-1.31,
NIFTY_AUTO,2016-11-09,69.4,9466.05,9903.6,9330.85,9819.8,5.96,-2.61,
NIFTY_BANK,2016-11-09,98.2,18270.9,19587.8,18143.7,19518.25,7.66,0.09,
NIFTY_ENERGY,2016-11-09,67.6,9300.05,9866.9,9168.45,9825.45,7.34,0.04,
NIFTY_FINANCIAL_SERVICES,2016-11-09,89.4,7551.85,7972.2,7467.9,7939.0,6.53,-0.91,
NIFTY_FMCG,2016-11-09,65.0,20734.8,21608.8,20661.2,21414.35,4.48,-2.26,
NIFTY_IT,2016-11-09,82.4,9467.65,9826.35,9320.95,9683.25,5.28,-3.3,
NIFTY_METAL,2016-11-09,59.4,2538.7,2710.95,2508.55,2700.55,7.76,-1.42,
NIFTY_MIDCAP_100,2016-11-09,136.5,14445.35,15119.8,14089.45,15086.45,7.06,-2.05,
NIFTY_PHARMA,2016-11-09,113.7,10106.75,10922.9,9777.25,10871.1,11.08,1.91,
NIFTY_PSU_BANK,2016-11-09,46.9,2847.0,3158.55,2847.0,3137.9,10.38,2.08,
NIFTY_REALTY,2016-11-09,104.7,175.45,177.55,164.5,175.2,7.63,-12.33,
NIFTY_BANK,2017-02-17,21.3,20918.45,21042.35,20449.65,20551.35,2.86,1.51,
NIFTY_FMCG,2017-07-03,30.9,27835.35,28267.5,27574.3,27787.2,2.48,3.8,
NIFTY_FMCG,2017-07-10,40.0,27422.15,29037.85,27048.7,27474.5,7.1,0.03,
NIFTY_PSU_BANK,2017-07-10,38.6,3441.7,3569.6,3183.05,3474.9,11.46,2.75,
NIFTY_FMCG,2017-07-18,53.2,25885.7,25885.7,25161.15,25547.6,2.84,-6.97,
NIFTY_BANK,2017-10-25,26.5,24980.65,25157.8,24560.75,25035.9,2.4,3.3,
NIFTY_FINANCIAL_SERVICES,2017-10-25,20.1,10220.25,10274.9,10002.4,10144.9,2.69,1.65,
NIFTY_PSU_BANK,2017-10-25,105.6,3400.45,4041.0,3400.45,4009.8,17.26,25.95,
NIFTY_PSU_BANK,2017-10-26,38.3,4074.1,4335.2,3931.0,3988.45,9.79,-0.53,
NIFTY_50,2017-12-18,22.1,10263.1,10443.55,10074.8,10388.75,3.59,0.54,
NIFTY_BANK,2017-12-18,22.8,25181.75,25759.9,24617.15,25594.55,4.54,0.6,
NIFTY_FINANCIAL_SERVICES,2017-12-18,21.9,10316.3,10539.0,10107.9,10477.75,4.18,0.57,
NIFTY_FMCG,2018-02-01,21.9,27190.45,28099.6,26843.6,27351.9,4.57,0.82,
NIFTY_50,2018-02-06,59.2,10295.15,10594.15,10276.3,10498.25,3.05,-1.59,
NIFTY_AUTO,2018-02-06,61.7,10871.05,11286.15,10797.65,11181.7,4.42,-1.81,
NIFTY_BANK,2018-02-06,59.1,25140.1,26140.6,25023.85,25811.3,4.37,-1.11,
NIFTY_FINANCIAL_SERVICES,2018-02-06,53.3,10302.45,10698.6,10267.75,10572.5,4.11,-1.06,
NIFTY_FMCG,2018-02-06,30.5,26257.15,26899.8,26193.15,26672.6,2.66,-1.93,
NIFTY_IT,2018-02-06,22.9,12516.2,12750.7,12490.75,12562.35,2.06,-2.94,
NIFTY_METAL,2018-02-06,21.1,3748.7,3922.95,3718.35,3862.0,5.36,-1.66,
NIFTY_MIDCAP_100,2018-02-06,63.5,18779.2,19563.65,18701.8,19402.15,4.51,-1.63,
NIFTY_50,2018-09-21,34.4,11271.3,11346.8,10866.45,11143.1,4.33,-0.82,
NIFTY_AUTO,2018-09-21,37.4,10616.75,10635.65,9934.85,10407.4,6.82,-1.15,
NIFTY_BANK,2018-09-21,29.3,26331.05,26490.4,25053.35,25596.9,5.58,-2.62,
NIFTY_FINANCIAL_SERVICES,2018-09-21,58.2,11043.05,11187.75,10451.4,10858.45,6.81,-1.05,
NIFTY_MIDCAP_100,2018-09-21,55.8,18951.8,18988.35,17430.45,18347.5,8.56,-2.53,
NIFTY_PSU_BANK,2018-09-21,20.2,2908.5,2949.2,2659.3,2834.15,10.35,-1.65,
NIFTY_REALTY,2018-09-21,23.5,259.85,260.55,238.75,248.7,8.74,-3.57,
NIFTY_50,2018-10-11,29.4,10169.8,10335.95,10138.6,10234.65,1.93,-2.18,
NIFTY_ENERGY,2018-10-11,22.8,13403.7,14059.95,13254.25,13796.55,5.9,0.12,
NIFTY_FINANCIAL_SERVICES,2018-10-11,24.9,10203.85,10358.9,10192.2,10266.9,1.62,-2.85,
NIFTY_MIDCAP_100,2018-10-11,26.5,16090.85,16582.7,16010.25,16277.15,3.51,-2.36,
NIFTY_PHARMA,2019-02-15,21.5,8890.95,8893.45,8252.1,8643.3,7.48,-3.16,
NIFTY_PHARMA,2019-05-13,31.1,8904.8,8906.4,8244.65,8553.5,7.72,-4.47,
NIFTY_50,2019-09-20,20.0,10746.8,11381.9,10691.0,11274.2,6.26,5.18,
NIFTY_BANK,2019-09-20,27.0,26878.65,29418.95,26727.55,28981.55,9.59,7.98,
NIFTY_FINANCIAL_SERVICES,2019-09-20,23.1,12061.15,12998.95,11989.7,12859.85,8.08,6.91,
NIFTY_FMCG,2019-09-23,21.7,30449.3,31813.8,30449.3,31120.1,4.38,4.22,
NIFTY_REALTY,2020-02-01,30.1,329.7,336.35,302.9,305.0,10.47,-8.2,
NIFTY_50,2020-03-02,21.4,11387.35,11433.0,11036.25,11132.75,3.53,-0.62,
NIFTY_50,2020-03-06,30.2,10942.65,11035.1,10827.4,10989.45,1.9,-2.51,
NIFTY_AUTO,2020-03-06,20.5,6712.2,6918.85,6661.95,6895.0,3.78,-0.85,
NIFTY_BANK,2020-03-06,30.4,27649.95,28047.2,27162.3,27801.45,3.21,-3.58,
NIFTY_FINANCIAL_SERVICES,2020-03-06,28.0,13027.9,13174.6,12851.0,13082.5,2.49,-2.94,
NIFTY_MIDCAP_100,2020-03-06,36.1,16157.85,16401.65,15970.7,16375.15,2.66,-2.38,
NIFTY_PSU_BANK,2020-03-06,23.1,1774.95,1818.75,1738.55,1794.8,4.51,-5.27,
NIFTY_50,2020-03-09,34.1,10742.05,10751.55,10294.45,10451.45,4.34,-5.02,
NIFTY_BANK,2020-03-09,21.8,27031.45,27091.6,25923.4,26462.6,4.41,-4.94,
NIFTY_FINANCIAL_SERVICES,2020-03-09,25.1,12765.75,12780.85,12272.1,12522.2,4.06,-4.38,
NIFTY_MIDCAP_100,2020-03-09,23.6,15990.95,16031.75,15433.3,15633.45,3.8,-4.64,
NIFTY_50,2020-03-12,66.2,10039.95,10040.75,9508.0,9590.15,5.45,-8.67,
NIFTY_AUTO,2020-03-12,30.7,6299.9,6299.9,5953.2,6033.4,5.66,-8.5,
NIFTY_BANK,2020-03-12,55.7,25175.9,25223.1,23536.35,23971.15,6.92,-9.98,
NIFTY_ENERGY,2020-03-12,37.1,11807.85,11813.65,11144.75,11204.9,5.83,-10.12,
NIFTY_FINANCIAL_SERVICES,2020-03-12,55.8,12037.5,12054.45,11293.7,11454.8,6.52,-9.21,
NIFTY_FMCG,2020-03-12,38.3,27305.85,27319.6,25716.2,26083.0,6.05,-7.37,
NIFTY_IT,2020-03-12,34.7,14177.4,14231.95,13317.65,13384.8,6.64,-9.25,
NIFTY_METAL,2020-03-12,24.8,1869.8,1875.6,1768.25,1800.6,5.89,-9.85,
NIFTY_MIDCAP_100,2020-03-12,56.2,14839.35,14880.45,14105.45,14243.05,5.35,-8.42,
NIFTY_PHARMA,2020-03-12,20.8,7408.4,7423.95,6868.7,6942.55,7.77,-9.35,
NIFTY_PSU_BANK,2020-03-12,27.0,1529.8,1534.9,1411.65,1420.65,8.37,-14.11,
NIFTY_REALTY,2020-03-12,27.6,243.5,244.85,227.45,230.3,7.37,-10.29,
NIFTY_50,2020-03-13,396.6,9107.6,10159.4,8555.15,9955.2,17.19,3.74,
NIFTY_AUTO,2020-03-13,200.5,5641.55,6292.85,5265.8,6182.0,17.82,2.43,
NIFTY_BANK,2020-03-13,217.6,22720.75,25670.75,21351.7,25166.45,18.42,4.87,
NIFTY_ENERGY,2020-03-13,232.6,10658.3,11925.1,9767.8,11721.25,19.96,4.51,
NIFTY_FINANCIAL_SERVICES,2020-03-13,260.2,10830.25,12332.0,10305.05,12101.6,17.96,5.49,
NIFTY_FMCG,2020-03-13,224.4,24896.85,26935.0,23420.4,26208.0,13.98,0.48,
NIFTY_IT,2020-03-13,261.5,12561.95,13835.35,11624.85,13539.1,17.41,1.15,
NIFTY_METAL,2020-03-13,108.7,1677.65,1922.9,1546.15,1903.35,21.81,5.55,
NIFTY_MIDCAP_100,2020-03-13,297.8,12932.6,14692.8,12715.0,14608.1,14.46,2.53,
NIFTY_PHARMA,2020-03-13,141.6,6558.25,7469.7,6242.85,7268.0,17.94,4.58,
NIFTY_PSU_BANK,2020-03-13,134.9,1303.05,1591.35,1218.3,1573.25,26.71,10.2,
NIFTY_REALTY,2020-03-13,115.7,208.55,236.95,203.4,235.85,15.27,2.38,
NIFTY_50,2020-03-16,49.9,9587.8,9602.2,9165.1,9197.4,4.66,-7.92,
NIFTY_BANK,2020-03-16,31.5,24061.6,24074.15,23008.25,23101.15,4.53,-8.56,
NIFTY_ENERGY,2020-03-16,27.9,11296.6,11511.45,10973.45,11017.45,4.79,-6.19,
NIFTY_FINANCIAL_SERVICES,2020-03-16,40.3,11589.65,11600.75,11069.6,11123.4,4.69,-8.43,
NIFTY_FMCG,2020-03-16,22.0,25586.4,25624.35,24492.7,24707.65,4.52,-5.9,
NIFTY_IT,2020-03-16,42.1,12963.7,13078.65,12355.15,12451.35,5.69,-8.38,
NIFTY_METAL,2020-03-16,20.9,1807.6,1852.45,1722.5,1730.6,7.27,-9.51,
NIFTY_MIDCAP_100,2020-03-16,41.5,14051.4,14179.4,13658.85,13695.3,3.74,-6.45,
NIFTY_PHARMA,2020-03-16,27.8,7075.35,7406.05,6909.65,6959.35,6.94,-4.34,
NIFTY_REALTY,2020-03-16,25.1,223.75,225.0,214.65,216.15,4.71,-8.72,
NIFTY_50,2020-03-17,27.8,9285.4,9403.8,8915.6,8967.05,5.33,-2.54,
NIFTY_50,2020-03-18,40.8,9088.45,9127.55,8407.05,8468.8,8.22,-5.72,
NIFTY_BANK,2020-03-18,37.2,22411.85,22544.05,20267.95,20580.2,10.64,-7.37,
NIFTY_ENERGY,2020-03-18,42.8,11124.9,11195.3,10129.55,10466.9,10.0,-4.61,
NIFTY_FINANCIAL_SERVICES,2020-03-18,36.5,10709.45,10753.4,9711.4,9800.3,10.19,-7.97,
NIFTY_IT,2020-03-18,24.6,12287.8,12451.1,11643.9,11753.0,6.7,-2.9,
NIFTY_MIDCAP_100,2020-03-18,37.6,13483.2,13559.35,12459.65,12595.1,8.46,-5.82,
NIFTY_50,2020-03-19,140.8,8063.3,8575.45,7832.55,8263.45,9.06,-2.45,
NIFTY_AUTO,2020-03-19,54.0,5217.95,5429.5,5042.9,5180.5,7.39,-6.28,
NIFTY_BANK,2020-03-19,119.7,19428.95,21035.05,18675.65,20083.5,11.9,-2.44,
NIFTY_ENERGY,2020-03-19,40.2,10033.3,10430.35,9802.65,10042.95,6.21,-4.13,
NIFTY_FINANCIAL_SERVICES,2020-03-19,175.0,9234.7,10081.6,8866.65,9598.35,12.84,-2.08,
NIFTY_FMCG,2020-03-19,50.7,23695.9,24382.0,22699.05,23970.75,7.15,-0.9,
NIFTY_IT,2020-03-19,60.2,11183.95,11698.3,10991.25,11340.0,6.23,-3.58,
NIFTY_MIDCAP_100,2020-03-19,81.6,11963.65,12375.65,11597.6,12064.55,6.49,-4.3,
NIFTY_PHARMA,2020-03-19,37.1,6489.5,6871.4,6332.0,6655.5,8.18,-0.75,
NIFTY_PSU_BANK,2020-03-19,36.0,1404.95,1538.1,1382.55,1438.85,10.66,-2.85,
NIFTY_REALTY,2020-03-19,35.6,187.45,195.25,181.95,191.2,7.05,-3.37,
NIFTY_50,2020-03-20,47.5,8284.45,8883.0,8178.2,8745.45,8.27,5.67,
NIFTY_BANK,2020-03-20,38.6,19898.3,20924.55,19265.0,20317.6,8.26,1.16,
NIFTY_FINANCIAL_SERVICES,2020-03-20,60.6,9539.95,10113.3,9175.8,9871.95,9.73,2.81,
NIFTY_IT,2020-03-20,50.7,11382.4,12710.55,11363.5,12363.4,11.2,8.64,
NIFTY_REALTY,2020-03-20,20.3,191.45,198.65,183.2,196.4,8.1,2.68,
NIFTY_50,2020-03-23,221.7,7945.7,8159.25,7583.6,7610.25,7.32,-13.9,
NIFTY_AUTO,2020-03-23,88.9,4908.15,5013.85,4593.05,4626.5,8.77,-14.91,
NIFTY_BANK,2020-03-23,162.8,18311.3,18895.65,16791.05,16917.65,11.81,-18.31,
NIFTY_ENERGY,2020-03-23,103.2,9904.15,10220.0,9799.95,9850.5,4.2,-10.22,
NIFTY_FINANCIAL_SERVICES,2020-03-23,194.0,8898.4,9210.2,8239.15,8298.5,11.14,-17.36,
NIFTY_FMCG,2020-03-23,124.6,23950.55,24373.55,23082.2,23184.05,5.44,-11.2,
NIFTY_IT,2020-03-23,118.5,11328.25,11602.45,11108.65,11179.6,4.35,-10.06,
NIFTY_METAL,2020-03-23,49.6,1538.25,1587.45,1480.7,1496.45,6.96,-12.33,
NIFTY_MIDCAP_100,2020-03-23,155.4,11577.75,11876.1,10965.4,10990.8,7.98,-14.15,
NIFTY_PHARMA,2020-03-23,52.9,6518.0,6850.55,6380.1,6432.3,7.11,-7.77,
NIFTY_PSU_BANK,2020-03-23,37.3,1349.85,1379.1,1270.95,1277.75,8.17,-13.57,
NIFTY_REALTY,2020-03-23,71.2,178.55,185.35,171.1,174.1,8.0,-12.05,
NIFTY_50,2020-03-24,62.7,7848.3,8036.95,7511.1,7801.05,6.77,2.48,
NIFTY_AUTO,2020-03-24,33.1,4726.4,4850.85,4452.2,4693.35,8.58,1.43,
NIFTY_BANK,2020-03-24,66.8,17705.85,17841.4,16116.25,17107.3,10.17,1.11,
NIFTY_ENERGY,2020-03-24,26.1,10154.3,10352.4,9750.0,10024.0,6.0,1.75,
NIFTY_FINANCIAL_SERVICES,2020-03-24,64.9,8623.0,8746.7,7984.2,8418.7,9.12,1.44,
NIFTY_FMCG,2020-03-24,47.1,24123.3,24584.85,23390.45,23935.3,4.98,3.19,
NIFTY_IT,2020-03-24,21.2,11159.75,12053.8,11159.3,11865.05,7.71,5.95,
NIFTY_MIDCAP_100,2020-03-24,35.1,11292.25,11408.3,10749.95,11110.4,5.94,1.08,
NIFTY_50,2020-03-25,26.1,7735.15,8376.75,7714.75,8317.85,8.23,6.41,
NIFTY_BANK,2020-03-25,36.9,16759.95,18740.2,16635.5,18481.05,11.91,7.72,
NIFTY_ENERGY,2020-03-25,22.2,10033.9,10878.0,10027.8,10558.5,8.14,5.19,
NIFTY_FINANCIAL_SERVICES,2020-03-25,27.3,8285.25,9247.85,8256.45,9203.3,11.34,8.91,
NIFTY_IT,2020-03-25,29.1,11856.9,12514.25,11657.25,12233.35,7.09,3.06,
NIFTY_50,2020-03-26,24.4,8451.0,8749.05,8304.9,8641.45,5.21,3.82,
NIFTY_BANK,2020-03-26,47.3,18781.85,20409.35,18364.5,19613.9,10.56,5.95,
NIFTY_FINANCIAL_SERVICES,2020-03-26,45.9,9366.95,10073.85,9174.25,9698.55,9.35,5.24,
NIFTY_FMCG,2020-03-26,32.3,24727.15,26091.05,24295.6,25680.1,7.13,4.82,
NIFTY_50,2020-03-27,43.1,8949.1,9038.9,8522.9,8660.25,5.88,0.22,
NIFTY_AUTO,2020-03-27,22.0,5245.6,5284.75,4866.05,4938.7,8.25,-2.45,
NIFTY_BANK,2020-03-27,62.9,20801.6,21462.4,19580.1,19969.0,9.18,1.79,
NIFTY_FINANCIAL_SERVICES,2020-03-27,51.9,10159.0,10428.6,9594.6,9754.3,8.34,0.57,
NIFTY_FMCG,2020-03-27,25.0,26382.25,26557.7,25301.8,25740.45,4.84,0.23,
NIFTY_MIDCAP_100,2020-03-27,31.9,12207.8,12355.55,11604.9,11763.35,6.27,-0.64,
NIFTY_REALTY,2020-03-27,22.6,191.9,199.45,181.65,185.05,9.35,-0.4,
NIFTY_50,2020-03-30,29.5,8385.95,8576.0,8244.0,8281.1,3.95,-4.48,
NIFTY_BANK,2020-03-30,22.5,19254.45,19716.25,18668.7,18782.4,5.46,-6.13,
NIFTY_FINANCIAL_SERVICES,2020-03-30,23.9,9408.0,9528.55,8993.6,9030.65,5.78,-7.71,
NIFTY_IT,2020-03-30,27.6,12152.95,12774.6,12152.95,12318.8,4.99,-2.01,
NIFTY_50,2020-03-31,25.2,8529.35,8678.3,8358.0,8597.75,3.76,3.75,
NIFTY_50,2020-04-07,33.6,8446.3,8819.4,8360.95,8792.2,5.34,8.4,
NIFTY_BANK,2020-04-07,44.1,18454.55,19190.55,17953.75,19062.5,6.66,10.0,
NIFTY_FINANCIAL_SERVICES,2020-04-07,41.0,9072.45,9328.95,8802.0,9278.3,5.81,8.03,
NIFTY_FMCG,2020-04-07,22.0,27491.6,28823.5,27272.9,28745.3,5.53,7.99,
NIFTY_IT,2020-04-07,21.3,12147.0,12647.4,12132.3,12588.95,4.16,7.49,
NIFTY_PHARMA,2020-04-07,24.0,7729.25,8159.75,7569.85,8124.85,7.5,9.86,
NIFTY_BANK,2020-04-08,31.1,18799.4,20324.1,18482.9,18946.45,9.5,-0.61,
NIFTY_FINANCIAL_SERVICES,2020-04-08,23.6,9152.6,9814.3,9084.4,9243.45,7.73,-0.38,
NIFTY_BANK,2020-04-17,21.8,20394.75,20866.55,19729.3,20681.45,5.6,6.4,
NIFTY_ENERGY,2023-01-30,21.2,23711.45,24181.5,23144.85,23434.7,4.38,-3.09,
NIFTY_BANK,2023-02-01,29.6,41115.0,42015.65,39490.5,40513.0,6.2,-0.35,
NIFTY_FINANCIAL_SERVICES,2023-02-01,22.3,18294.9,18658.65,17715.65,18084.8,5.19,-0.06,
NIFTY_IT,2023-04-17,26.7,27059.15,27076.15,26184.45,27008.2,3.35,-4.82,
NIFTY_IT,2023-07-21,38.9,29854.25,30338.1,29701.2,29871.05,2.12,-4.18,
NIFTY_BANK,2024-01-17,32.8,46573.95,47212.75,45979.6,46064.45,2.65,-4.38,
NIFTY_FINANCIAL_SERVICES,2024-01-17,39.0,20733.7,21015.8,20486.9,20528.9,2.55,-4.38,
NIFTY_50,2024-06-03,32.2,23337.9,23338.7,23062.3,23263.9,1.19,3.2,
NIFTY_BANK,2024-06-03,24.5,50889.85,51133.2,50092.65,50979.95,2.06,3.99,
NIFTY_ENERGY,2024-06-03,37.5,42628.3,43084.75,41894.55,42981.9,2.8,6.55,
NIFTY_FINANCIAL_SERVICES,2024-06-03,28.6,22600.4,22660.05,22259.4,22596.4,1.78,3.96,
NIFTY_MIDCAP_100,2024-06-03,24.6,53705.3,53705.3,52825.65,53353.35,1.65,3.14,
NIFTY_50,2024-06-04,58.0,23179.5,23179.5,21281.45,21884.5,8.54,-6.11,
NIFTY_AUTO,2024-06-04,32.2,24000.95,24001.1,22026.3,23193.3,8.59,-3.39,
NIFTY_BANK,2024-06-04,32.9,50667.05,50667.05,46077.85,46928.6,9.49,-8.28,
NIFTY_ENERGY,2024-06-04,73.1,42881.6,42881.6,36244.0,37624.1,16.82,-13.31,
NIFTY_FINANCIAL_SERVICES,2024-06-04,35.3,22475.45,22475.45,20457.9,20819.5,9.41,-8.19,
NIFTY_METAL,2024-06-04,41.9,9986.4,9988.2,8534.95,8980.15,15.72,-11.24,
NIFTY_MIDCAP_100,2024-06-04,71.7,53410.15,53410.15,47246.6,49150.8,12.26,-8.2,
NIFTY_PSU_BANK,2024-06-04,65.1,7947.9,7947.9,6443.85,6794.25,20.98,-16.41,
NIFTY_REALTY,2024-06-04,37.7,1085.6,1085.6,930.9,976.1,15.37,-10.12,
NIFTY_BANK,2024-06-05,22.6,47486.6,49362.9,46446.8,49054.6,6.09,4.43,
NIFTY_ENERGY,2024-06-05,21.4,38514.0,38799.9,36522.05,38712.35,6.05,2.85,
NIFTY_FMCG,2024-06-05,24.2,55799.0,58832.65,55646.95,57567.4,5.57,4.25,
NIFTY_MIDCAP_100,2024-06-05,21.2,49730.75,51414.25,48379.75,51266.7,6.08,4.21,
NIFTY_50,2025-04-07,50.8,21758.4,22254.0,21743.65,22161.6,2.32,-3.3,
NIFTY_AUTO,2025-04-07,31.2,19336.15,19893.7,19316.65,19815.55,2.94,-3.85,
NIFTY_BANK,2025-04-07,28.2,49336.1,50426.25,49156.95,49860.1,2.55,-3.24,
NIFTY_ENERGY,2025-04-07,44.9,29810.9,31554.75,29802.2,31414.55,5.71,-2.81,
NIFTY_FINANCIAL_SERVICES,2025-04-07,30.0,23767.25,24216.4,23546.5,23908.45,2.81,-3.56,
NIFTY_FMCG,2025-04-07,31.9,51201.9,53395.45,51201.9,53241.15,4.19,-1.1,
NIFTY_IT,2025-04-07,40.7,31307.95,32835.1,30918.95,32668.8,6.01,-2.55,
NIFTY_METAL,2025-04-07,41.2,7691.0,7930.8,7690.2,7846.35,3.08,-6.99,
NIFTY_MIDCAP_100,2025-04-07,42.4,46966.6,49073.45,46966.6,48809.45,4.39,-3.69,
NIFTY_PHARMA,2025-04-07,52.3,19122.7,20150.0,19121.1,19995.5,5.24,-2.78,
NIFTY_PSU_BANK,2025-04-07,20.3,5905.6,6117.65,5904.1,6089.2,3.55,-2.88,
NIFTY_AUTO,2025-09-04,23.4,26700.25,26729.65,25964.15,25994.85,2.91,0.85,
NIFTY_FMCG,2025-09-04,23.2,58485.05,58485.05,57019.55,57104.05,2.54,0.24,
NIFTY_METAL,2026-02-01,20.8,11429.5,11676.8,11187.2,11348.65,4.28,-4.13,
NIFTY_MIDCAP_100,2026-02-01,22.4,58435.7,58650.15,56126.55,57120.8,4.4,-2.27,
NIFTY_50,2026-02-03,92.1,26308.05,26341.2,25641.3,25727.55,2.69,2.52,
NIFTY_AUTO,2026-02-03,46.6,28088.1,28095.85,27271.8,27500.3,2.98,2.77,
NIFTY_BANK,2026-02-03,72.6,61411.2,61764.85,59793.2,60041.3,3.24,2.4,
NIFTY_ENERGY,2026-02-03,35.3,35939.55,36087.1,35256.15,35657.55,2.33,2.97,
NIFTY_FINANCIAL_SERVICES,2026-02-03,71.1,28125.85,28275.2,27546.95,27674.05,2.61,3.21,
NIFTY_IT,2026-02-03,55.8,40301.4,40301.4,38550.5,38611.75,4.44,1.4,
NIFTY_MIDCAP_100,2026-02-03,52.8,60026.8,60456.8,59034.7,59307.1,2.38,2.8,
NIFTY_PHARMA,2026-02-03,41.8,22470.35,22564.1,22086.05,22200.25,2.14,2.97,
NIFTY_PSU_BANK,2026-02-03,28.3,8996.7,9099.9,8701.8,8819.6,4.47,2.62,
NIFTY_IT,2026-02-04,30.4,37165.35,37176.7,35809.5,36345.65,3.75,-6.05,
NIFTY_IT,2026-02-13,40.5,31487.4,32932.75,31422.6,32681.5,4.69,-1.45,
NIFTY_AUTO,2026-03-02,23.4,27196.4,27951.85,27133.55,27540.1,2.97,-2.22,
NIFTY_MIDCAP_100,2026-03-02,32.3,57090.8,58814.35,57074.75,58180.5,3.0,-1.59,
NIFTY_50,2026-03-09,22.2,23868.05,24078.15,23697.8,24028.05,1.59,-1.74,
NIFTY_BANK,2026-03-09,23.8,56121.4,56274.15,55270.6,56019.8,1.8,-3.1,
NIFTY_FINANCIAL_SERVICES,2026-03-09,25.3,25882.45,26070.75,25557.9,26039.3,1.99,-2.33,
NIFTY_BANK,2026-03-19,28.4,53474.55,54150.3,53240.6,53451.0,1.69,-3.45,
NIFTY_FINANCIAL_SERVICES,2026-03-19,23.7,25148.7,25376.1,24853.65,24951.8,2.08,-3.84,
NIFTY_BANK,2026-04-08,24.0,54904.45,55778.25,54797.5,55703.9,1.77,5.51,
NIFTY_FINANCIAL_SERVICES,2026-04-08,21.6,25688.65,26094.3,25623.9,26053.05,1.82,5.39,
